"ATYA_ID","Title","Repository","PrimaryContractOwner","DownstreamRepositories","ChildMigrationRequirement","ChildMigrationTasks","Priority","Phase","Type","Status","Evidence_Status","Confidence","Risk","Effort","Dependencies","AdvisoryPrerequisites","Related_Tasks","Issue_File","Origin","Implementation_State"
"ATYA-001","ATYA-001 — Inventory repositories and establish the machine-readable ecosystem manifest","Atya.Roadmap","","","","","P0","0 — Authoritative inventory and evidence","Implementation","Ready","Verified problem (policy copies demonstrably disagree across the two reviews' own citations: CLI 1.2.0 vs constitution 1.5.1; drift regex vs SHA rule)","High","High","L","","","ATYA-002;ATYA-003;ATYA-004","github/issues/ATYA-001-inventory-repositories-and-establish-the-machine-readable-ecosystem-ma.md","GPT 5.6 SOL (S-0001)","Partially satisfied"
"ATYA-002","ATYA-002 — Phase-0 verification batch for contested findings","Atya.Roadmap","","","","","P0","0 — Authoritative inventory and evidence","Verification","Ready","Private maintainer evidence; public summary only","High","High","M","","","ATYA-001;ATYA-003;ATYA-004","github/issues/ATYA-002-phase-0-verification-batch-for-contested-findings.md","Private organization audit and approved roadmap","Partially satisfied"
"ATYA-003","ATYA-003 — Repair the release graph: tree parity, tag ancestry, MinVer provenance","Atya.Roadmap","","","","","P0","0 — Authoritative inventory and evidence","Verification","Blocked","Verified release-lineage discrepancies; repair and temporal-parity policy remain","High","Critical","M","ATYA-002","","ATYA-001;ATYA-002;ATYA-004","github/issues/ATYA-003-repair-the-release-graph-tree-parity-tag-ancestry-minver-provenance.md","Merged (F-0001 + S-0003)","Partially satisfied"
"ATYA-004","ATYA-004 — Reconcile the constitution with the live portfolio and roadmap","Atya.Roadmap","","","","","P1","0 — Authoritative inventory and evidence","Implementation","Blocked","Strongly supported (Rule J caveat: both models read the same private constitution)","High","High","L","ATYA-001","","ATYA-001;ATYA-002;ATYA-003","github/issues/ATYA-004-reconcile-the-constitution-with-the-live-portfolio-and-roadmap.md","Merged (F-0034 + S-0002)","No audit-driven completion claim"
"ATYA-005","ATYA-005 — Publish a framework-target and support policy by package archetype","Atya.Roadmap","","","","","P1","1 — Source-of-truth policy and architecture decisions","ADR","Blocked","Reasonable inference (net10.0-only as implicit SDK default; single-source)","High","High","M","ATYA-001;ATYA-004","","ATYA-001;ATYA-002;ATYA-003","github/issues/ATYA-005-publish-a-framework-target-and-support-policy-by-package-archetype.md","GPT 5.6 SOL (S-0014)","No audit-driven completion claim"
"ATYA-006","ATYA-006 — Decide the strategic Time model (TimeProvider vs IClock)","Atya.Roadmap","","","","","P1","1 — Source-of-truth policy and architecture decisions","ADR","Blocked","Strongly supported","High","High","M","ATYA-005","","ATYA-001;ATYA-002;ATYA-003","github/issues/ATYA-006-decide-the-strategic-time-model-timeprovider-vs-iclock.md","Merged (F-0016 + S-0028)","No audit-driven completion claim"
"ATYA-007","ATYA-007 — Resolve IResult and narrow Foundation.Abstractions","Atya.Roadmap","","","","","P1","1 — Source-of-truth policy and architecture decisions","ADR","Blocked","Strongly supported","High","High","M","ATYA-004","","ATYA-001;ATYA-002;ATYA-003","github/issues/ATYA-007-resolve-iresult-and-narrow-foundation-abstractions.md","Merged (F-0012 + S-0023)","No audit-driven completion claim"
"ATYA-008","ATYA-008 — Canonicalize Result/Error/paging; retire the orphan Primitives system","Atya.Roadmap","","","","","P1","1 — Source-of-truth policy and architecture decisions","ADR","Blocked","Strongly supported","High","High","M","ATYA-003;ATYA-007;ATYA-042","","ATYA-001;ATYA-002;ATYA-003","github/issues/ATYA-008-canonicalize-result-error-paging-retire-the-orphan-primitives-system.md","Merged (F-0011 + S-0024 + S-0026 (paging half))","No audit-driven completion claim"
"ATYA-009","ATYA-009 — Define the framework-neutral versioned HTTP error/validation wire contract","Atya.Roadmap","","","","","P1","1 — Source-of-truth policy and architecture decisions","ADR","Blocked","Reasonable inference (single-source design need; the incompatible-shapes evidence is SP-level but the decision's value is independent)","High","High","M","ATYA-008","","ATYA-001;ATYA-002;ATYA-003","github/issues/ATYA-009-define-the-framework-neutral-versioned-http-error-validation-wire-cont.md","GPT 5.6 SOL (S-0033)","No audit-driven completion claim"
"ATYA-010","ATYA-010 — Ratify the test-platform direction (MTP vs VSTest)","Atya.Roadmap","","","","","P3","1 — Source-of-truth policy and architecture decisions","ADR","Ready","Reasonable inference (Fable's concrete fork description; GPT corroborates ""implicit test stack"")","High","Low","M","","","ATYA-001;ATYA-002;ATYA-003","github/issues/ATYA-010-ratify-the-test-platform-direction-mtp-vs-vstest.md","Fable (F-0044)","No audit-driven completion claim"
"ATYA-011","ATYA-011 — Decide the FluentAssertions 7.x end-of-life strategy","Atya.Roadmap","","","","","P3","1 — Source-of-truth policy and architecture decisions","ADR","Ready","Reasonable inference (single-source; the <8 ceiling itself is Strongly supported via S-0010's note)","High","Low","M","","","ATYA-001;ATYA-002;ATYA-003","github/issues/ATYA-011-decide-the-fluentassertions-7-x-end-of-life-strategy.md","Fable (F-0043)","No audit-driven completion claim"
"ATYA-012","ATYA-012 — Decide OpenTelemetry package decomposition from adopter evidence","Atya.Roadmap","","","","","P2","1 — Source-of-truth policy and architecture decisions","ADR","Blocked","Strongly supported (dependency weight); the decision framing is GPT's","High","Medium","M","ATYA-066;ATYA-067;ATYA-032","","ATYA-001;ATYA-002;ATYA-003","github/issues/ATYA-012-decide-opentelemetry-package-decomposition-from-adopter-evidence.md","GPT 5.6 SOL (S-0058)","No audit-driven completion claim"
"ATYA-013","ATYA-013 — Repository-topology ADR (repo-per-package vs grouped repos)","Atya.Roadmap","","","","","P3","1 — Source-of-truth policy and architecture decisions","ADR","Blocked","Verified gap (neither source addresses it; the ×36 overhead is arithmetic)","Medium","Low","M","ATYA-026;ATYA-035","","ATYA-001;ATYA-002;ATYA-003","github/issues/ATYA-013-repository-topology-adr-repo-per-package-vs-grouped-repos.md","New finding (BM-03)","No audit-driven completion claim"
"ATYA-014","ATYA-014 — Redact Result-based 5xx ProblemDetails by default","ProblemDetails","","","","","P0","2 — Security, compatibility, and release blockers","Implementation","Blocked","Private maintainer evidence; public summary only","High","Critical","M","ATYA-002","","ATYA-015;ATYA-016;ATYA-017","github/issues/ATYA-014-redact-result-based-5xx-problemdetails-by-default.md","Private organization audit and approved roadmap","No audit-driven completion claim"
"ATYA-015","ATYA-015 — Make health responses minimal and safe by default","HealthChecks","","","","","P0","2 — Security, compatibility, and release blockers","Implementation","Blocked","Private maintainer evidence; public summary only","High","Critical","M","ATYA-002","","ATYA-014;ATYA-016;ATYA-017","github/issues/ATYA-015-make-health-responses-minimal-and-safe-by-default.md","Private organization audit and approved roadmap","No audit-driven completion claim"
"ATYA-016","ATYA-016 — Split the publisher trust boundary and bind PackageId→repository","publisher","","","","","P0","2 — Security, compatibility, and release blockers","Implementation","Blocked","Private maintainer evidence; public summary only","High","Critical","M","ATYA-001","","ATYA-014;ATYA-015;ATYA-017","github/issues/ATYA-016-split-the-publisher-trust-boundary-and-bind-packageid-repository.md","Private organization audit and approved roadmap","Partially satisfied"
"ATYA-017","ATYA-017 — Remove the NuGet template's second publishing path","Atya.Templates.NuGetPackage","","","","","P0","2 — Security, compatibility, and release blockers","Migration","Blocked","Private maintainer evidence; public summary only","High","Critical","L","ATYA-002","","ATYA-014;ATYA-015;ATYA-016","github/issues/ATYA-017-remove-the-nuget-template-s-second-publishing-path.md","Private organization audit and approved roadmap","No audit-driven completion claim"
"ATYA-018","ATYA-018 — Make release artifacts atomic, complete, and attested before push","publisher","publisher","github-workflows","none-tightly-coupled","","P0","2 — Security, compatibility, and release blockers","Implementation","Blocked","Private maintainer evidence; public summary only","High","Critical","M","ATYA-016","","ATYA-014;ATYA-015;ATYA-016","github/issues/ATYA-018-make-release-artifacts-atomic-complete-and-attested-before-push.md","Private organization audit and approved roadmap","Partially satisfied"
"ATYA-019","ATYA-019 — Define one immutable workflow and action reference policy","Atya.Roadmap","Atya.Roadmap","platform;github-workflows;renovate-config;template repositories;managed fleet repositories","required-existing","ATYA-124;ATYA-026;ATYA-027;ATYA-028;ATYA-039","P1","2 — Security, compatibility, and release blockers","Verification","Blocked","Private maintainer evidence; public summary only","High","High","M","ATYA-001","","ATYA-124;ATYA-026;ATYA-028;ATYA-039","github/issues/ATYA-019-one-immutable-workflow-reference-policy-fix-the-drift-audit-validator.md","Private organization audit and approved roadmap","Implemented inconsistently"
"ATYA-020","ATYA-020 — Enforce release-path authorization controls (solo-adapted)","Atya.Roadmap","","","","","P1","2 — Security, compatibility, and release blockers","Implementation","Blocked","Private maintainer evidence; public summary only","High","High","L","ATYA-002","","ATYA-001;ATYA-002;ATYA-003","github/issues/ATYA-020-enforce-release-path-authorization-controls-solo-adapted.md","Private organization audit and approved roadmap","Partially satisfied"
"ATYA-021","ATYA-021 — Make BackgroundServices consume per-worker validated options","BackgroundServices","","","","","P1","2 — Security, compatibility, and release blockers","Implementation","Blocked","Contradicted between sources (SP-03; DIS-002) — verify first","High","High","M","ATYA-002;ATYA-006","","ATYA-014;ATYA-015;ATYA-016","github/issues/ATYA-021-make-backgroundservices-consume-per-worker-validated-options.md","Merged (S-0038 + S-0039)","No audit-driven completion claim"
"ATYA-022","ATYA-022 — Unify correlation: one owner, bounded policy, wired end-to-end","Atya.Roadmap","","","","","P1","2 — Security, compatibility, and release blockers","Implementation","Blocked","Strongly supported","High","High","L","ATYA-019;ATYA-034","","ATYA-001;ATYA-002;ATYA-003","github/issues/ATYA-022-unify-correlation-one-owner-bounded-policy-wired-end-to-end.md","Merged (F-0021 + F-0022 + S-0046)","No audit-driven completion claim"
"ATYA-023","ATYA-023 — Harden Http.Client protocol and payload handling","Client","","","","","P1","2 — Security, compatibility, and release blockers","Implementation","Blocked","Needs source inspection (SP-09; single-source with citations)","High","High","M","ATYA-002;ATYA-022;ATYA-009;ATYA-052","","ATYA-014;ATYA-015;ATYA-016","github/issues/ATYA-023-harden-http-client-protocol-and-payload-handling.md","GPT 5.6 SOL (S-0048)","No audit-driven completion claim"
"ATYA-024","ATYA-024 — Replace the PAT dispatch chain with a GitHub App","Atya.Roadmap","","","","","P0","2 — Security, compatibility, and release blockers","Migration","Blocked","Private maintainer evidence; public summary only","High","Critical","M","ATYA-016","","ATYA-001;ATYA-002;ATYA-003","github/issues/ATYA-024-replace-the-pat-dispatch-chain-with-a-github-app.md","Private organization audit and approved roadmap","No audit-driven completion claim"
"ATYA-025","ATYA-025 — CodeQuality overhaul: modern analyzers, async rules, packed verification, charter","CodeQuality","CodeQuality","Atya.Build.Sdk;managed SDK consumers;Atya.Templates.UiAutomation","required-existing","ATYA-030;ATYA-035;ATYA-077","P1","3 — Build, workflow, and release consolidation","Implementation","Blocked","Strongly supported (AD0001 suppression exists); Needs source inspection (SP-14 root-cause version)","High","High","L","ATYA-002","","ATYA-026;ATYA-027;ATYA-028","github/issues/ATYA-025-codequality-overhaul-modern-analyzers-async-rules-packed-verification.md","Merged (F-0008 + S-0031)","No audit-driven completion claim"
"ATYA-026","ATYA-026 — Roll pinned workflows and security baselines across the fleet","Atya.Roadmap","","","","","P1","3 — Build, workflow, and release consolidation","Implementation","Blocked","Private maintainer evidence; public summary only","High","High","L","ATYA-019;ATYA-001;ATYA-124;ATYA-036","","ATYA-001;ATYA-002;ATYA-003","github/issues/ATYA-026-roll-pinned-workflows-and-security-baselines-across-the-fleet.md","Private organization audit and approved roadmap","Implemented inconsistently"
"ATYA-027","ATYA-027 — Add self-tests for reusable workflows and composite actions","github-workflows","","","","","P1","3 — Build, workflow, and release consolidation","Documentation","Blocked","Reasonable inference (single-source)","High","High","M","ATYA-019","","ATYA-025;ATYA-026;ATYA-028","github/issues/ATYA-027-add-self-tests-for-reusable-workflows-and-composite-actions.md","GPT 5.6 SOL (S-0011)","No audit-driven completion claim"
"ATYA-028","ATYA-028 — Test and harden the Renovate preset; verify fleet realization","renovate-config","renovate-config","managed fleet repositories","required-on-confirmed-gap","","P1","3 — Build, workflow, and release consolidation","Verification","Blocked","Verified inconsistent Renovate realization; eight template PRs require disposition","High","High","M","ATYA-002;ATYA-019","","ATYA-025;ATYA-026;ATYA-027","github/issues/ATYA-028-test-and-harden-the-renovate-preset-verify-fleet-realization.md","GPT 5.6 SOL (S-0010)","Implemented inconsistently"
"ATYA-029","ATYA-029 — Restore release-notes/tag/NuGet/API-baseline traceability","Atya.Roadmap","","","","","P1","3 — Build, workflow, and release consolidation","Implementation","Blocked","Reasonable inference (single-source, specific)","High","High","L","ATYA-003;ATYA-018","","ATYA-001;ATYA-002;ATYA-003","github/issues/ATYA-029-restore-release-notes-tag-nuget-api-baseline-traceability.md","GPT 5.6 SOL (S-0013)","No audit-driven completion claim"
"ATYA-030","ATYA-030 — Build Atya.Build.Sdk conformance fixtures (archetype-aware)","Atya.Build.Sdk","","","","","P1","3 — Build, workflow, and release consolidation","Verification","Blocked","Reasonable inference (single-source)","High","High","S","ATYA-027;ATYA-005;ATYA-025","","ATYA-025;ATYA-026;ATYA-027","github/issues/ATYA-030-build-atya-build-sdk-conformance-fixtures-archetype-aware.md","GPT 5.6 SOL (S-0015)","No audit-driven completion claim"
"ATYA-031","ATYA-031 — Recover Build.Sdk publishing and bring its release metadata into policy","Atya.Build.Sdk","","","","","P0","2 — Security, compatibility, and release blockers","Implementation","Blocked","Private maintainer evidence; public summary only","High","Critical","M","ATYA-020;ATYA-121","","ATYA-121;ATYA-030;ATYA-036","github/issues/ATYA-031-bring-build-sdk-s-own-publishing-and-metadata-into-policy.md","Private organization audit and approved roadmap","Partially satisfied"
"ATYA-032","ATYA-032 — Define and verify dependency-range and packed-nuspec policy","Atya.Roadmap","","","","","P1","3 — Build, workflow, and release consolidation","Verification","Blocked","Needs source inspection (SP-15)","High","High","M","ATYA-002;ATYA-030;ATYA-005","","ATYA-001;ATYA-002;ATYA-003","github/issues/ATYA-032-define-and-verify-dependency-range-and-packed-nuspec-policy.md","GPT 5.6 SOL (S-0016)","No audit-driven completion claim"
"ATYA-033","ATYA-033 — Standardize review-time PublicAPI governance","Atya.Roadmap","","","","","P1","3 — Build, workflow, and release consolidation","Verification","Blocked","Reasonable inference (single-source)","High","High","S","ATYA-030","","ATYA-001;ATYA-002;ATYA-003","github/issues/ATYA-033-standardize-review-time-publicapi-governance.md","GPT 5.6 SOL (S-0017)","No audit-driven completion claim"
"ATYA-034","ATYA-034 — Repair dependency-matrix ↔ csproj drift and machine-check it","Atya.Roadmap","","","","","P1","3 — Build, workflow, and release consolidation","Verification","Blocked","Strongly supported (unused Messaging edge, both models); Reasonable inference (Primitives matrix row; Middleware redundant edge)","High","High","S","ATYA-001;ATYA-008","","ATYA-001;ATYA-002;ATYA-003","github/issues/ATYA-034-repair-dependency-matrix-csproj-drift-and-machine-check-it.md","Merged (F-0007 + S-0032 (edge-removal clause))","No audit-driven completion claim"
"ATYA-035","ATYA-035 — Build the fleet SDK-pin roll mechanism","Atya.Roadmap","","","","","P1","3 — Build, workflow, and release consolidation","Verification","Blocked","Strongly supported (the rollout pain is documented by both in different forms)","High","High","M","ATYA-003;ATYA-025;ATYA-030","","ATYA-001;ATYA-002;ATYA-003","github/issues/ATYA-035-build-the-fleet-sdk-pin-roll-mechanism.md","Fable (F-0009)","No audit-driven completion claim"
"ATYA-036","ATYA-036 — Fix build-pack-nuget for root-csproj template packs","github-workflows","github-workflows","publisher;Atya.Templates.UiAutomation;Atya.Templates.NuGetPackage;Atya.Build.Sdk","required-existing","ATYA-026;ATYA-031;ATYA-076;ATYA-077","P1","3 — Build, workflow, and release consolidation","Implementation","Blocked","Reasonable inference (single-source, concrete failure already worked around)","High","High","M","ATYA-027","","ATYA-025;ATYA-026;ATYA-027","github/issues/ATYA-036-fix-build-pack-nuget-for-root-csproj-template-packs.md","Fable (F-0003)","No audit-driven completion claim"
"ATYA-037","ATYA-037 — Reusable CI: multi-test-project support, NuGet cache, drop legacy input","github-workflows","","","","","P2","3 — Build, workflow, and release consolidation","Implementation","Blocked","Reasonable inference (single-source)","High","Medium","M","ATYA-026;ATYA-027","","ATYA-025;ATYA-026;ATYA-027","github/issues/ATYA-037-reusable-ci-multi-test-project-support-nuget-cache-drop-legacy-input.md","Fable (F-0010)","No audit-driven completion claim"
"ATYA-038","ATYA-038 — Repair the CLI: archetype-aware scanning, real coverage, fail-safe checks; release","Cli","","","","","P1","3 — Build, workflow, and release consolidation","Implementation","Blocked","Verified archive-path-induced failures exposing real checkout-directory identity coupling","High","High","M","ATYA-001;ATYA-002","","ATYA-025;ATYA-026;ATYA-027","github/issues/ATYA-038-repair-the-cli-archetype-aware-scanning-real-coverage-fail-safe-checks.md","Merged (S-0018 + S-0019 + F-0035 (repair/release half))","Partially satisfied"
"ATYA-039","ATYA-039 — Replace platform drift JavaScript with CLI fleet audits","Atya.Roadmap","","","","","P1","3 — Build, workflow, and release consolidation","Verification","Blocked","Reasonable inference (single-source drift-logic critique) + Strongly supported destination (CC-21)","High","High","M","ATYA-038;ATYA-019;ATYA-001;ATYA-124","","ATYA-001;ATYA-002;ATYA-003","github/issues/ATYA-039-replace-platform-drift-javascript-with-cli-fleet-audits.md","Merged (S-0020 + F-0035 (drift-checks half))","No audit-driven completion claim"
"ATYA-040","ATYA-040 — Make the public site truthful, reproducible, and auto-deployed","AtyaLibraries.github.io","AtyaLibraries.github.io","publisher","required-existing","ATYA-024;ATYA-126","P1","3 — Build, workflow, and release consolidation","Documentation","Blocked","Partially implemented; broader site modernization waits for focused Vite remediation","High","High","M","ATYA-001;ATYA-024;ATYA-019;ATYA-126","","ATYA-025;ATYA-026;ATYA-027","github/issues/ATYA-040-make-the-public-site-truthful-reproducible-and-auto-deployed.md","Merged (F-0032 + S-0021)","Partially satisfied"
"ATYA-041","ATYA-041 — Add site schema, component, accessibility, and link tests","AtyaLibraries.github.io","","","","","P2","3 — Build, workflow, and release consolidation","Verification","Blocked","Reasonable inference (single-source)","High","Medium","S","ATYA-040","","ATYA-025;ATYA-026;ATYA-027","github/issues/ATYA-041-add-site-schema-component-accessibility-and-link-tests.md","GPT 5.6 SOL (S-0022)","No audit-driven completion claim"
"ATYA-042","ATYA-042 — Make Foundation.Results deeply immutable and nullability-honest","Results","","","","","P1","1 — Source-of-truth policy and architecture decisions","Implementation","Ready","Needs source inspection (single-source, specific)","High","High","M","","","ATYA-005;ATYA-006;ATYA-007","github/issues/ATYA-042-make-foundation-results-deeply-immutable-and-nullability-honest.md","GPT 5.6 SOL (S-0025)","No audit-driven completion claim"
"ATYA-043","ATYA-043 — Add async Result combinators","Results","","","","","P1","4 — Foundation and cross-cutting contracts","Implementation","Blocked","Verified gap (surface absence is checkable from both docs' descriptions)","High","High","M","ATYA-042","","ATYA-042;ATYA-044;ATYA-045","github/issues/ATYA-043-add-async-result-combinators.md","Fable (F-0013); resequenced per [Review DIS-007]","No audit-driven completion claim"
"ATYA-044","ATYA-044 — Define the Result serialization stance","Results","Results","Serialization","required-existing","ATYA-048","P2","4 — Foundation and cross-cutting contracts","Implementation","Blocked","Reasonable inference (mechanically certain if getters throw as described)","High","Medium","M","ATYA-042;ATYA-009","","ATYA-042;ATYA-043;ATYA-045","github/issues/ATYA-044-define-the-result-serialization-stance.md","Fable (F-0014)","No audit-driven completion claim"
"ATYA-045","ATYA-045 — Add transport-relevant ErrorKinds (Unavailable, Timeout, TooManyRequests)","Results","Results","ProblemDetails;Client","required-existing","ATYA-053;ATYA-056","P2","4 — Foundation and cross-cutting contracts","Implementation","Blocked","Reasonable inference","High","Medium","M","ATYA-009","","ATYA-053;ATYA-056;ATYA-023","github/issues/ATYA-045-add-transport-relevant-errorkinds-unavailable-timeout-toomanyrequests.md","Fable (F-0015)","No audit-driven completion claim"
"ATYA-046","ATYA-046 — Harden Primitives invariants and StronglyTypedId serialization","Primitives","Primitives","Serialization","required-existing","ATYA-048","P1","4 — Foundation and cross-cutting contracts","Implementation","Blocked","Needs source inspection (invariant bypass, single-source); Reasonable inference (STID serialization)","High","High","M","ATYA-008","","ATYA-043;ATYA-044;ATYA-045","github/issues/ATYA-046-harden-primitives-invariants-and-stronglytypedid-serialization.md","Merged (S-0026 (invariant half) + F-0019)","No audit-driven completion claim"
"ATYA-047","ATYA-047 — Resolve the JsonSerializerDefaults BCL name collision","Serialization","","","","","P1","4 — Foundation and cross-cutting contracts","Implementation","Ready","Reasonable inference (single-source, mechanical)","High","High","L","","","ATYA-043;ATYA-044;ATYA-045","github/issues/ATYA-047-resolve-the-jsonserializerdefaults-bcl-name-collision.md","Fable (F-0017)","No audit-driven completion claim"
"ATYA-048","ATYA-048 — Add a source-generation and AOT-safe serialization path","Serialization","","","","","P2","4 — Foundation and cross-cutting contracts","Implementation","Blocked","Strongly supported (gap noted by both; specifics are GPT's)","High","High","M","ATYA-047;ATYA-005;ATYA-044;ATYA-046","","ATYA-043;ATYA-044;ATYA-045","github/issues/ATYA-048-add-a-source-generation-and-aot-safe-serialization-path.md","GPT 5.6 SOL (S-0029)","No audit-driven completion claim"
"ATYA-049","ATYA-049 — Make enumerable guards non-destructive","Guards","","","","","P1","4 — Foundation and cross-cutting contracts","Implementation","Blocked","Needs source inspection (SP-10; mechanically certain if code reads as cited)","High","High","M","ATYA-002","","ATYA-043;ATYA-044;ATYA-045","github/issues/ATYA-049-make-enumerable-guards-non-destructive.md","GPT 5.6 SOL (S-0027)","No audit-driven completion claim"
"ATYA-050","ATYA-050 — Complete Guards numeric coverage via generic math","Guards","","","","","P2","4 — Foundation and cross-cutting contracts","Implementation","Blocked","Reasonable inference","High","Medium","M","ATYA-049","","ATYA-043;ATYA-044;ATYA-045","github/issues/ATYA-050-complete-guards-numeric-coverage-via-generic-math.md","Fable (F-0018); sequenced after ECO-049 per [Review DIS-008]","No audit-driven completion claim"
"ATYA-051","ATYA-051 — Make Governance.Testing fakes implement real contracts","Testing","Testing","Idempotency","required-existing","ATYA-057","P1","4 — Foundation and cross-cutting contracts","Verification","Blocked","Strongly supported","High","High","M","ATYA-006;ATYA-008;ATYA-022","","ATYA-043;ATYA-044;ATYA-045","github/issues/ATYA-051-make-governance-testing-fakes-implement-real-contracts.md","Merged (F-0020 + S-0030)","No audit-driven completion claim"
"ATYA-052","ATYA-052 — Migrate Validation, ProblemDetails, and Client to the one validation schema","Atya.Roadmap","","","","","P1","4 — Foundation and cross-cutting contracts","Migration","Blocked","Needs source inspection (single-source shape-divergence specifics)","High","High","M","ATYA-009;ATYA-014","","ATYA-001;ATYA-002;ATYA-003","github/issues/ATYA-052-migrate-validation-problemdetails-and-client-to-the-one-validation-sch.md","GPT 5.6 SOL (S-0041)","No audit-driven completion claim"
"ATYA-053","ATYA-053 — ProblemDetails: symmetric customization, deterministic mapping, ConfigureAwait fix","ProblemDetails","","","","","P1","4 — Foundation and cross-cutting contracts","Implementation","Blocked","Strongly supported (customization asymmetry, CC-40); Reasonable inference (determinism specifics); Verified-by-both (the ConfigureAwait miss is Fable's find, CA2007 enforcement is ECO-025's)","High","High","L","ATYA-009;ATYA-014;ATYA-045","","ATYA-014;ATYA-043;ATYA-044","github/issues/ATYA-053-problemdetails-symmetric-customization-deterministic-mapping-configure.md","Merged (F-0023 + S-0044)","No audit-driven completion claim"
"ATYA-054","ATYA-054 — Exceptions: default error codes, validated items, metadata policy","Exceptions","","","","","P2","4 — Foundation and cross-cutting contracts","Implementation","Blocked","Reasonable inference (both halves single-source, mechanical)","High","Medium","M","ATYA-052;ATYA-026","","ATYA-043;ATYA-044;ATYA-045","github/issues/ATYA-054-exceptions-default-error-codes-validated-items-metadata-policy.md","Merged (F-0031 + S-0045)","No audit-driven completion claim"
"ATYA-055","ATYA-055 — Middleware: preserve mapped shapes, success policy, idempotent registration","Middleware","","","","","P1","4 — Foundation and cross-cutting contracts","Implementation","Blocked","Needs source inspection (SP-08)","High","High","M","ATYA-002;ATYA-053;ATYA-034","","ATYA-043;ATYA-044;ATYA-045","github/issues/ATYA-055-middleware-preserve-mapped-shapes-success-policy-idempotent-registrati.md","GPT 5.6 SOL (S-0047)","No audit-driven completion claim"
"ATYA-056","ATYA-056 — Http.Client ergonomics: verb conveniences, propagation, ErrorKind map","Client","","","","","P2","4 — Foundation and cross-cutting contracts","Implementation","Blocked","Verified gap (two-method surface described by both)","High","Medium","M","ATYA-023;ATYA-022;ATYA-045","","ATYA-023;ATYA-043;ATYA-044","github/issues/ATYA-056-http-client-ergonomics-verb-conveniences-propagation-errorkind-map.md","Fable (F-0029)","No audit-driven completion claim"
"ATYA-057","ATYA-057 — Idempotency: fenced leases, abandon-on-exception, completion policy, bounded store","Idempotency","","","","","P1","5 — Messaging, data, web, and diagnostics hardening","Implementation","Blocked","Strongly supported (failure/TTL semantics defective — CC-15); Needs source inspection (fencing race, cancellation finalization)","High","High","L","ATYA-006;ATYA-122;ATYA-051","","ATYA-122;ATYA-051;ATYA-058;ATYA-061","github/issues/ATYA-057-idempotency-fenced-leases-abandon-on-exception-completion-policy-bound.md","Merged (F-0026 + S-0034 + S-0035)","No audit-driven completion claim"
"ATYA-058","ATYA-058 — Outbox: atomic claiming, stable identity, backoff, diagnostics, hosting recipe","Messaging.Outbox","","","","","P1","5 — Messaging, data, web, and diagnostics hardening","Implementation","Blocked","Strongly supported (backoff/diagnostics gaps); Needs source inspection (claiming race, AQN identity)","High","High","L","ATYA-059;ATYA-057;ATYA-006","","ATYA-057;ATYA-059;ATYA-060","github/issues/ATYA-058-outbox-atomic-claiming-stable-identity-backoff-diagnostics-hosting-rec.md","Merged (F-0027 + S-0036 + S-0037)","No audit-driven completion claim"
"ATYA-059","ATYA-059 — Evolve Messaging.Abstractions for stable, durable contracts","Messaging.Abstractions","","","","","P1","5 — Messaging, data, web, and diagnostics hardening","Implementation","Blocked","Strongly supported (semantics unspecified, unused edge); Reasonable inference (identity/disposal specifics)","High","High","M","ATYA-004;ATYA-033","","ATYA-057;ATYA-058;ATYA-060","github/issues/ATYA-059-evolve-messaging-abstractions-for-stable-durable-contracts.md","Merged (S-0032 + F-0028 (semantics half))","No audit-driven completion claim"
"ATYA-060","ATYA-060 — Define Messaging.InMemory semantics and bound its history","Messaging.InMemory","","","","","P2","5 — Messaging, data, web, and diagnostics hardening","Implementation","Blocked","Strongly supported (unbounded history, fail-fast dispatch); Needs source inspection (records-before-completion)","High","Medium","M","ATYA-059","","ATYA-057;ATYA-058;ATYA-059","github/issues/ATYA-060-define-messaging-inmemory-semantics-and-bound-its-history.md","Merged (F-0028 (InMemory half) + S-0052)","No audit-driven completion claim"
"ATYA-061","ATYA-061 — Deepen Outbox/Messaging/Idempotency scenario tests","Atya.Roadmap","","","","","P2","5 — Messaging, data, web, and diagnostics hardening","Verification","Blocked","Strongly supported (pattern; Fable's 272-vs-620 line datum)","High","Medium","M","ATYA-057;ATYA-058","","ATYA-001;ATYA-002;ATYA-003","github/issues/ATYA-061-deepen-outbox-messaging-idempotency-scenario-tests.md","Fable (F-0042)","No audit-driven completion claim"
"ATYA-062","ATYA-062 — Fix Mediator generator discovery, lifetimes, and packed-analyzer verification","Mediator","","","","","P1","5 — Messaging, data, web, and diagnostics hardening","Implementation","Blocked","Needs source inspection (SP-04)","High","High","L","ATYA-002;ATYA-033","","ATYA-057;ATYA-058;ATYA-059","github/issues/ATYA-062-fix-mediator-generator-discovery-lifetimes-and-packed-analyzer-verific.md","Merged (S-0049 + S-0050)","No audit-driven completion claim"
"ATYA-063","ATYA-063 — Mediator pipeline behaviors","Mediator","","","","","P1","5 — Messaging, data, web, and diagnostics hardening","Implementation","Blocked","Verified gap (no behavior seam; both models agree it's absent)","High","High","M","ATYA-062;ATYA-043","","ATYA-057;ATYA-058;ATYA-059","github/issues/ATYA-063-mediator-pipeline-behaviors.md","Fable (F-0024); resequenced after ECO-062 per [Review DIS-006]; GPT's P2 rejected per §6","No audit-driven completion claim"
"ATYA-064","ATYA-064 — Mediator notifications: feature or ratified non-goal","Mediator","","","","","P2","5 — Messaging, data, web, and diagnostics hardening","ADR","Blocked","Verified gap (Fable); GPT silent","High","Medium","M","ATYA-063","","ATYA-057;ATYA-058;ATYA-059","github/issues/ATYA-064-mediator-notifications-feature-or-ratified-non-goal.md","Fable (F-0025)","No audit-driven completion claim"
"ATYA-065","ATYA-065 — Make Data.Pagination internally coherent and immutable","Pagination","","","","","P1","5 — Messaging, data, web, and diagnostics hardening","Implementation","Blocked","Needs source inspection (single-source specifics); Strongly supported (max-page-size gap — Fable's review noted it without a task)","High","High","M","ATYA-008;ATYA-042","","ATYA-057;ATYA-058;ATYA-059","github/issues/ATYA-065-make-data-pagination-internally-coherent-and-immutable.md","GPT 5.6 SOL (S-0051); also closes Fable's unbacklogged review findings [Review §8.1 point 4]","No audit-driven completion claim"
"ATYA-066","ATYA-066 — Normalize Observation and OpenTelemetry options exactly once","Atya.Roadmap","","","","","P1","5 — Messaging, data, web, and diagnostics hardening","Implementation","Blocked","Contradicted between sources (SP-05; DIS-018) — verify first","High","High","M","ATYA-002","","ATYA-001;ATYA-002;ATYA-003","github/issues/ATYA-066-normalize-observation-and-opentelemetry-options-exactly-once.md","GPT 5.6 SOL (S-0043)","No audit-driven completion claim"
"ATYA-067","ATYA-067 — OpenTelemetry: remove silent options, add production controls","OpenTelemetry","","","","","P1","5 — Messaging, data, web, and diagnostics hardening","Migration","Blocked","Needs source inspection (single-source)","High","High","M","ATYA-066","","ATYA-057;ATYA-058;ATYA-059","github/issues/ATYA-067-opentelemetry-remove-silent-options-add-production-controls.md","GPT 5.6 SOL (S-0053)","No audit-driven completion claim"
"ATYA-068","ATYA-068 — Define the shared telemetry semantic and cardinality policy","Atya.Roadmap","","","","","P1","5 — Messaging, data, web, and diagnostics hardening","Implementation","Blocked","Reasonable inference (single-source)","High","High","M","ATYA-066","","ATYA-001;ATYA-002;ATYA-003","github/issues/ATYA-068-define-the-shared-telemetry-semantic-and-cardinality-policy.md","GPT 5.6 SOL (S-0054)","No audit-driven completion claim"
"ATYA-069","ATYA-069 — Correct Tracing propagation, leakage, and no-listener cost","Tracing","","","","","P1","5 — Messaging, data, web, and diagnostics hardening","Implementation","Blocked","Needs source inspection (single-source)","High","High","M","ATYA-068;ATYA-022","","ATYA-057;ATYA-058;ATYA-059","github/issues/ATYA-069-correct-tracing-propagation-leakage-and-no-listener-cost.md","GPT 5.6 SOL (S-0055)","No audit-driven completion claim"
"ATYA-070","ATYA-070 — Reduce Metrics hot-path allocations and unsafe cardinality defaults","Metrics","","","","","P2","5 — Messaging, data, web, and diagnostics hardening","Implementation","Blocked","Needs source inspection (single-source)","High","High","M","ATYA-068","","ATYA-057;ATYA-058;ATYA-059","github/issues/ATYA-070-reduce-metrics-hot-path-allocations-and-unsafe-cardinality-defaults.md","GPT 5.6 SOL (S-0056)","No audit-driven completion claim"
"ATYA-071","ATYA-071 — Make Logging's factory and scope API truthful","Logging","","","","","P2","5 — Messaging, data, web, and diagnostics hardening","Implementation","Blocked","Needs source inspection (single-source)","High","Medium","M","ATYA-033;ATYA-068","","ATYA-057;ATYA-058;ATYA-059","github/issues/ATYA-071-make-logging-s-factory-and-scope-api-truthful.md","GPT 5.6 SOL (S-0057)","No audit-driven completion claim"
"ATYA-072","ATYA-072 — AOT/trim readiness for the Foundation wave","Atya.Roadmap","","","","","P3","5 — Messaging, data, web, and diagnostics hardening","Verification","Blocked","Strongly supported (no AOT metadata anywhere; both note the gap differently)","High","Low","S","ATYA-008;ATYA-007;ATYA-048;ATYA-005","","ATYA-001;ATYA-002;ATYA-003","github/issues/ATYA-072-aot-trim-readiness-for-the-foundation-wave.md","Fable (F-0045)","No audit-driven completion claim"
"ATYA-073","ATYA-073 — Fleet README/documentation uplift with executable checks","Atya.Roadmap","","","","","P1","6 — Migration, documentation, templates, and adoption","Verification","Blocked","Strongly supported","High","High","M","ATYA-004;ATYA-029","","ATYA-001;ATYA-002;ATYA-003","github/issues/ATYA-073-fleet-readme-documentation-uplift-with-executable-checks.md","Merged (F-0030 + S-0062)","No audit-driven completion claim"
"ATYA-074","ATYA-074 — Publish the starter-stack guides","Atya.Roadmap","","","","","P2","6 — Migration, documentation, templates, and adoption","Documentation","Blocked","Verified gap (no public end-to-end walkthrough exists per both)","High","Medium","L","ATYA-022;ATYA-073","","ATYA-001;ATYA-002;ATYA-003","github/issues/ATYA-074-publish-the-starter-stack-guides.md","Fable (F-0033)","No audit-driven completion claim"
"ATYA-075","ATYA-075 — Composition readiness gate + golden reference applications + admission gates","Atya.Roadmap","","","","","P1","6 — Migration, documentation, templates, and adoption","Verification","Blocked","Verified (planning construct; the gate's *content* is this plan)","High","High","M","ATYA-013;ATYA-008;ATYA-009;ATYA-052;ATYA-014;ATYA-015;ATYA-017;ATYA-021;ATYA-022;ATYA-025;ATYA-051;ATYA-063","ATYA-057;ATYA-058;ATYA-069;ATYA-070;ATYA-065","ATYA-001;ATYA-002;ATYA-003","github/issues/ATYA-075-composition-readiness-gate-golden-reference-applications-admission-gat.md","Merged (F-0036 + S-0063), trimmed per [Review DIS-020]","No audit-driven completion claim"
"ATYA-076","ATYA-076 — Verify the NuGet template from its packed artifact","Atya.Templates.NuGetPackage","","","","","P1","6 — Migration, documentation, templates, and adoption","Verification","Blocked","Partially implemented; packed-template proof remains while archived-root NU1004 requires git-aware verification","High","High","M","ATYA-017;ATYA-026;ATYA-030","","ATYA-017;ATYA-073;ATYA-074","github/issues/ATYA-076-verify-the-nuget-template-from-its-packed-artifact.md","GPT 5.6 SOL (S-0059)","Partially satisfied"
"ATYA-077","ATYA-077 — Make UiAutomation profile options real or remove them","Atya.Templates.UiAutomation","","","","","P1","6 — Migration, documentation, templates, and adoption","Migration","Blocked","Needs source inspection (single-source)","High","High","L","ATYA-025;ATYA-026;ATYA-036","","ATYA-073;ATYA-074;ATYA-075","github/issues/ATYA-077-make-uiautomation-profile-options-real-or-remove-them.md","GPT 5.6 SOL (S-0060)","No audit-driven completion claim"
"ATYA-078","ATYA-078 — Make UI actor leasing fair, atomic, fenced, and outcome-aware","Atya.Templates.UiAutomation","","","","","P1","6 — Migration, documentation, templates, and adoption","Implementation","Blocked","Needs source inspection (single-source)","High","High","L","ATYA-077","","ATYA-073;ATYA-074;ATYA-075","github/issues/ATYA-078-make-ui-actor-leasing-fair-atomic-fenced-and-outcome-aware.md","GPT 5.6 SOL (S-0061)","No audit-driven completion claim"
"ATYA-079","ATYA-079 — Deliver atya-api and atya-microservice templates from the golden compositions","Atya.Roadmap","","","","","P1","6 — Migration, documentation, templates, and adoption","Implementation","Blocked","Verified (planned deliverable)","High","High","L","ATYA-013;ATYA-075;ATYA-036;ATYA-037;ATYA-076;ATYA-010;ATYA-011","","ATYA-001;ATYA-002;ATYA-003","github/issues/ATYA-079-deliver-atya-api-and-atya-microservice-templates-from-the-golden-compo.md","Merged (F-0037 + F-0038 + S-0064)","No audit-driven completion claim"
"ATYA-080","ATYA-080 — Deliver the API-automation and integration-test templates","Atya.Roadmap","","","","","P2","6 — Migration, documentation, templates, and adoption","Implementation","Blocked","Verified (planned deliverable)","High","Medium","L","ATYA-013;ATYA-079;ATYA-078;ATYA-010;ATYA-011;ATYA-037","","ATYA-001;ATYA-002;ATYA-003","github/issues/ATYA-080-deliver-the-api-automation-and-integration-test-templates.md","Merged (F-0039 + S-0065)","No audit-driven completion claim"
"ATYA-081","ATYA-081 — atya-api-gateway: decision, then (maybe) template","Atya.Roadmap","","","","","P3","6 — Migration, documentation, templates, and adoption","ADR","Blocked","Verified (both models defer it)","High","Low","M","ATYA-004;ATYA-079","","ATYA-001;ATYA-002;ATYA-003","github/issues/ATYA-081-atya-api-gateway-decision-then-maybe-template.md","Fable (F-0040; S-0064's gateway clause concurs)","No audit-driven completion claim"
"ATYA-082","ATYA-082 — CLI atya new + automated repo onboarding","Cli","","","","","P2","6 — Migration, documentation, templates, and adoption","Implementation","Blocked","Strongly supported (onboarding failure history is Fable's evidence; CLI-mutation caution is GPT's)","High","Medium","L","ATYA-013;ATYA-038;ATYA-039;ATYA-024;ATYA-079;ATYA-080","","ATYA-038;ATYA-073;ATYA-074","github/issues/ATYA-082-cli-atya-new-automated-repo-onboarding.md","Merged (F-0041 + S-0066)","No audit-driven completion claim"
"ATYA-083","ATYA-083 — OpenAPI: admission decision and delivery from the reference API","Atya.Roadmap","","","","","P2","6 — Migration, documentation, templates, and adoption","ADR","Blocked","Strongly supported (CUT status; template-content resolution is the adjudicated merge)","High","Medium","M","ATYA-004;ATYA-009;ATYA-052;ATYA-075;ATYA-079","","ATYA-001;ATYA-002;ATYA-003","github/issues/ATYA-083-openapi-admission-decision-and-delivery-from-the-reference-api.md","GPT 5.6 SOL (S-0067); decision layer shared with ECO-004 (Fable's disposition)","No audit-driven completion claim"
"ATYA-084","ATYA-084 — Decide admission and scope for Entity Framework Core adapters","Atya.Roadmap","","","","","P2","6 — Migration, documentation, templates, and adoption","ADR","Blocked","Strongly supported (PARK status + prerequisites)","High","Medium","L","ATYA-058;ATYA-065;ATYA-075","","ATYA-123;ATYA-058;ATYA-065;ATYA-087","github/issues/ATYA-084-entity-framework-core-adapters-behind-provider-conformance-tests.md","GPT 5.6 SOL (S-0068)","No audit-driven completion claim"
"ATYA-085","ATYA-085 — Resolve exception and audit middleware without duplicating Web.Middleware","Middleware","","","","","P2","6 — Migration, documentation, templates, and adoption","Verification","Blocked","Strongly supported (overlap; shipped exception middleware)","High","Medium","M","ATYA-052;ATYA-053;ATYA-022;ATYA-075","","ATYA-055;ATYA-073;ATYA-074","github/issues/ATYA-085-resolve-exception-and-audit-middleware-without-duplicating-web-middlew.md","GPT 5.6 SOL (S-0069); decision layer shared with ECO-004","No audit-driven completion claim"
"ATYA-086","ATYA-086 — Evaluate a provider-neutral OpenFeature integration","Atya.Roadmap","","","","","P3","6 — Migration, documentation, templates, and adoption","ADR","Blocked","Strongly supported (uncataloged status)","High","Low","M","ATYA-068;ATYA-075;ATYA-079","","ATYA-001;ATYA-002;ATYA-003","github/issues/ATYA-086-evaluate-a-provider-neutral-openfeature-integration.md","GPT 5.6 SOL (S-0070)","No audit-driven completion claim"
"ATYA-087","ATYA-087 — Define the multitenancy isolation model before any package","Atya.Roadmap","","","","","P3","6 — Migration, documentation, templates, and adoption","ADR","Blocked","Strongly supported (PARK status)","High","Low","M","ATYA-022;ATYA-068;ATYA-075;ATYA-123","","ATYA-001;ATYA-002;ATYA-003","github/issues/ATYA-087-define-the-multitenancy-isolation-model-before-any-package.md","GPT 5.6 SOL (S-0071)","No audit-driven completion claim"
"ATYA-088","ATYA-088 — Prove SignalR integration as a distinct transport adapter (or template content)","Atya.Roadmap","","","","","P3","6 — Migration, documentation, templates, and adoption","ADR","Blocked","Strongly supported (uncataloged status)","High","Low","M","ATYA-009;ATYA-022;ATYA-075;ATYA-079","","ATYA-001;ATYA-002;ATYA-003","github/issues/ATYA-088-prove-signalr-integration-as-a-distinct-transport-adapter-or-template.md","GPT 5.6 SOL (S-0072)","No audit-driven completion claim"
"ATYA-089","ATYA-089 — Maintainer continuity and account-recovery plan","Atya.Roadmap","","","","","P2","6 — Migration, documentation, templates, and adoption","Implementation","Ready","Verified gap (neither source addresses it; solo status per Fable)","High","Medium","M","","","ATYA-001;ATYA-002;ATYA-003","github/issues/ATYA-089-maintainer-continuity-and-account-recovery-plan.md","New finding (BM-01)","No audit-driven completion claim"
"ATYA-090","ATYA-090 — Refresh and verify every branch and default-branch policy before action","Atya.Roadmap","","","","","P1","0 — Authoritative inventory and evidence","Verification","Blocked","Fully satisfied at the audit snapshot; volatile state must be refreshed before mutation","High","High","L","ATYA-001","","ATYA-001;ATYA-002;ATYA-003","github/issues/ATYA-090-audit-every-branch-and-default-branch-policy.md","Required cleanup target and implementation-program synthesis","Fully satisfied"
"ATYA-091","ATYA-091 — Refresh and verify every unmerged-commit classification before action","Atya.Roadmap","","","","","P1","0 — Authoritative inventory and evidence","Verification","Blocked","Fully satisfied for the available comparison basis; refresh before mutation","High","High","L","ATYA-090","","ATYA-001;ATYA-002;ATYA-003","github/issues/ATYA-091-detect-and-classify-every-unmerged-commit.md","Required cleanup target and implementation-program synthesis","Fully satisfied"
"ATYA-092","ATYA-092 — Refresh and verify every open pull-request classification before action","Atya.Roadmap","","","","","P1","0 — Authoritative inventory and evidence","Verification","Blocked","Fully satisfied at the audit snapshot: all eight open PRs classified","High","High","L","ATYA-001","","ATYA-001;ATYA-002;ATYA-003","github/issues/ATYA-092-classify-every-open-pull-request.md","Required cleanup target and implementation-program synthesis","Fully satisfied"
"ATYA-093","ATYA-093 — Classify every failed or stale CI run","Atya.Roadmap","","","","","P1","0 — Authoritative inventory and evidence","Audit","Blocked","Partially satisfied: captured failures classified; waiting and post-repair states require refresh","High","High","L","ATYA-001","","ATYA-001;ATYA-002;ATYA-003","github/issues/ATYA-093-classify-every-failed-or-stale-ci-run.md","Required cleanup target and implementation-program synthesis","Partially satisfied"
"ATYA-094","ATYA-094 — Refresh and verify every open-issue classification before migration","Atya.Roadmap","","","","","P1","0 — Authoritative inventory and evidence","Verification","Blocked","Fully satisfied at the audit snapshot: all 19 open issues classified","High","High","L","ATYA-001","","ATYA-001;ATYA-002;ATYA-003","github/issues/ATYA-094-inventory-and-classify-every-open-issue.md","Required cleanup target and implementation-program synthesis","Fully satisfied"
"ATYA-095","ATYA-095 — Verify effective rulesets, branch protection, and release controls","Atya.Roadmap","","","","","P1","0 — Authoritative inventory and evidence","Verification","Blocked","Fully satisfied at the audit snapshot; action requires a live refresh","High","High","M","ATYA-001","","ATYA-001;ATYA-002;ATYA-003","github/issues/ATYA-095-audit-rulesets-branch-protection-and-release-controls.md","Required cleanup target and implementation-program synthesis","Fully satisfied"
"ATYA-096","ATYA-096 — Audit tags, releases, and NuGet publication state","Atya.Roadmap","","","","","P1","0 — Authoritative inventory and evidence","Audit","Blocked","Partially satisfied: public tag/release/NuGet state captured; GitHub Packages and two blockers remain","High","High","L","ATYA-001","","ATYA-001;ATYA-002;ATYA-003","github/issues/ATYA-096-audit-tags-releases-and-nuget-publication-state.md","Required cleanup target and implementation-program synthesis","Partially satisfied"
"ATYA-097","ATYA-097 — Audit security and dependency alerts","Atya.Roadmap","","","","","P1","0 — Authoritative inventory and evidence","Audit","Blocked","Private maintainer evidence; public summary only","High","High","M","ATYA-001","","ATYA-001;ATYA-002;ATYA-003","github/issues/ATYA-097-audit-security-and-dependency-alerts.md","Private organization audit and approved roadmap","Partially satisfied"
"ATYA-098","ATYA-098 — Migrate useful existing issues into standalone ATYA tasks","Atya.Roadmap","","","","","P1","7 — Issue, PR, branch, and repository cleanup","Migration","Blocked","Requires authorized live verification","High","High","M","ATYA-094","","ATYA-001;ATYA-002;ATYA-003","github/issues/ATYA-098-migrate-useful-existing-issues-into-standalone-atya-tasks.md","Required cleanup target and implementation-program synthesis","No audit-driven completion claim"
"ATYA-099","ATYA-099 — Verify that no duplicate issues require closure","Atya.Roadmap","","","","","P2","7 — Issue, PR, branch, and repository cleanup","Verification","Blocked","Fully satisfied at the audit snapshot: zero duplicate open issues","High","Medium","M","ATYA-094;ATYA-098","","ATYA-001;ATYA-002;ATYA-003","github/issues/ATYA-099-close-duplicate-issues-with-canonical-links-and-reasons.md","Required cleanup target and implementation-program synthesis","Fully satisfied"
"ATYA-100","ATYA-100 — Resolve stale and superseded issues safely","Atya.Roadmap","","","","","P2","7 — Issue, PR, branch, and repository cleanup","Cleanup","Blocked","Requires authorized live verification","High","Medium","M","ATYA-094;ATYA-098","","ATYA-001;ATYA-002;ATYA-003","github/issues/ATYA-100-resolve-stale-and-superseded-issues-safely.md","Required cleanup target and implementation-program synthesis","No audit-driven completion claim"
"ATYA-101","ATYA-101 — Complete or migrate relevant pull-request work","Atya.Roadmap","","","","","P1","7 — Issue, PR, branch, and repository cleanup","Migration","Blocked","Requires authorized live verification","High","High","M","ATYA-092;ATYA-093","","ATYA-001;ATYA-002;ATYA-003","github/issues/ATYA-101-complete-or-migrate-relevant-pull-request-work.md","Required cleanup target and implementation-program synthesis","No audit-driven completion claim"
"ATYA-102","ATYA-102 — Merge or migrate relevant branch work","Atya.Roadmap","","","","","P1","7 — Issue, PR, branch, and repository cleanup","Migration","Blocked","Requires authorized live verification","High","High","M","ATYA-003;ATYA-091;ATYA-101","","ATYA-001;ATYA-002;ATYA-003","github/issues/ATYA-102-merge-or-migrate-relevant-branch-work.md","Required cleanup target and implementation-program synthesis","No audit-driven completion claim"
"ATYA-103","ATYA-103 — Delete only verified merged or superseded branches","Atya.Roadmap","","","","","P2","7 — Issue, PR, branch, and repository cleanup","Cleanup","Blocked","Requires authorized live verification","High","Medium","M","ATYA-091;ATYA-095;ATYA-102","","ATYA-001;ATYA-002;ATYA-003","github/issues/ATYA-103-delete-only-verified-merged-or-superseded-branches.md","Required cleanup target and implementation-program synthesis","No audit-driven completion claim"
"ATYA-104","ATYA-104 — Enforce the master/development and default-branch policy","Atya.Roadmap","","","","","P1","7 — Issue, PR, branch, and repository cleanup","Implementation","Blocked","Requires authorized live verification","High","High","M","ATYA-003;ATYA-090;ATYA-095;ATYA-103","","ATYA-001;ATYA-002;ATYA-003","github/issues/ATYA-104-enforce-the-master-development-and-default-branch-policy.md","Required cleanup target and implementation-program synthesis","No audit-driven completion claim"
"ATYA-105","ATYA-105 — Verify remediation of all eight audited repository failures","Atya.Roadmap","","","","","P1","7 — Issue, PR, branch, and repository cleanup","Verification","Blocked","All eight failures classified; remediation remains incomplete or unverified","High","High","L","ATYA-002;ATYA-031;ATYA-038;ATYA-093;ATYA-126;ATYA-127;ATYA-128;ATYA-129;ATYA-130","","ATYA-001;ATYA-002;ATYA-003","github/issues/ATYA-105-resolve-every-classified-ci-failure.md","Required cleanup target and implementation-program synthesis","Partially satisfied"
"ATYA-106","ATYA-106 — Coordinate and verify release-lineage discrepancy recovery","Atya.Roadmap","","","","","P0","2 — Security, compatibility, and release blockers","Migration","Blocked","Verified release blockers and nonblocking release-record discrepancies require controlled recovery","High","Critical","M","ATYA-003;ATYA-018;ATYA-020;ATYA-031;ATYA-096;ATYA-131","","ATYA-001;ATYA-002;ATYA-003","github/issues/ATYA-106-reconcile-tag-release-and-nuget-publication-discrepancies.md","Required cleanup target and implementation-program synthesis","No audit-driven completion claim"
"ATYA-107","ATYA-107 — Remediate or accept every security and dependency alert","Atya.Roadmap","","","","","P1","7 — Issue, PR, branch, and repository cleanup","Implementation","Blocked","Private maintainer evidence; public summary only","High","High","L","ATYA-026;ATYA-028;ATYA-097;ATYA-125;ATYA-126","","ATYA-001;ATYA-002;ATYA-003","github/issues/ATYA-107-remediate-or-accept-every-security-and-dependency-alert.md","Private organization audit and approved roadmap","No audit-driven completion claim"
"ATYA-108","ATYA-108 — Verify issue, PR, and branch cleanliness","Atya.Roadmap","","","","","P1","8 — Final fleet validation and closure","Verification","Blocked","Requires authorized live verification","High","High","L","ATYA-099;ATYA-100;ATYA-101;ATYA-103;ATYA-104","","ATYA-001;ATYA-002;ATYA-003","github/issues/ATYA-108-verify-issue-pr-and-branch-cleanliness.md","Required cleanup target and implementation-program synthesis","No audit-driven completion claim"
"ATYA-109","ATYA-109 — Validate every repository for release readiness","Atya.Roadmap","","","","","P1","8 — Final fleet validation and closure","Verification","Blocked","Private maintainer evidence; public summary only","High","High","L","ATYA-073;ATYA-105;ATYA-106;ATYA-107;ATYA-108","","ATYA-001;ATYA-002;ATYA-003","github/issues/ATYA-109-validate-every-repository-for-release-readiness.md","Private organization audit and approved roadmap","No audit-driven completion claim"
"ATYA-110","ATYA-110 — Close the modernization program with an auditable handoff","Atya.Roadmap","","","","","P2","8 — Final fleet validation and closure","Documentation","Blocked","Requires authorized live verification","High","Medium","M","ATYA-075;ATYA-109","","ATYA-001;ATYA-002;ATYA-003","github/issues/ATYA-110-close-the-modernization-program-with-an-auditable-handoff.md","Required cleanup target and implementation-program synthesis","No audit-driven completion claim"
"ATYA-111","ATYA-111 — Verify and import the reproducible read-only audit evidence bundle","Atya.Roadmap","","","","","P0","0 — Authoritative inventory and evidence","Verification","Ready","Fully satisfied by a 438-file checksum-verified bundle; only acceptance and import remain","High","High","L","","","ATYA-001;ATYA-002;ATYA-003","github/issues/ATYA-111-create-a-reproducible-read-only-audit-evidence-bundle.md","Cross-review omission and final architectural synthesis","Fully satisfied"
"ATYA-112","ATYA-112 — Ratify the ecosystem sensitive-data classification and retention model","Atya.Roadmap","","","","","P1","1 — Source-of-truth policy and architecture decisions","ADR","Blocked","Requires authorized live verification","High","High","L","ATYA-111","","ATYA-001;ATYA-002;ATYA-003","github/issues/ATYA-112-ratify-the-ecosystem-sensitive-data-classification-and-retention-model.md","Cross-review omission and final architectural synthesis","No audit-driven completion claim"
"ATYA-113","ATYA-113 — Drill compromised-release response and revocation","Atya.Roadmap","","","","","P1","2 — Security, compatibility, and release blockers","Verification","Blocked","Private maintainer evidence; public summary only","High","High","M","ATYA-016;ATYA-018;ATYA-112","","ATYA-001;ATYA-002;ATYA-003","github/issues/ATYA-113-drill-compromised-release-response-and-revocation.md","Private organization audit and approved roadmap","No audit-driven completion claim"
"ATYA-114","ATYA-114 — Enforce dependency-license compliance in release evidence","Atya.Roadmap","","","","","P1","3 — Build, workflow, and release consolidation","Implementation","Blocked","Requires authorized live verification","High","High","L","ATYA-018;ATYA-032","","ATYA-001;ATYA-002;ATYA-003","github/issues/ATYA-114-enforce-dependency-license-compliance-in-release-evidence.md","Cross-review omission and final architectural synthesis","No audit-driven completion claim"
"ATYA-115","ATYA-115 — Rehearse coordinated major upgrades with independent adopters","Atya.Roadmap","","","","","P1","6 — Migration, documentation, templates, and adoption","Verification","Blocked","Requires authorized live verification","High","High","M","ATYA-052;ATYA-075;ATYA-112","","ATYA-001;ATYA-002;ATYA-003","github/issues/ATYA-115-rehearse-coordinated-major-upgrades-with-independent-adopters.md","Cross-review omission and final architectural synthesis","No audit-driven completion claim"
"ATYA-116","ATYA-116 — Complete the repository-by-dimension evidence matrix","Atya.Roadmap","","","","","P1","0 — Authoritative inventory and evidence","Audit","Blocked","Requires authorized live verification","High","High","M","ATYA-111","","ATYA-001;ATYA-002;ATYA-003","github/issues/ATYA-116-complete-the-repository-by-dimension-evidence-matrix.md","Cross-review omission and final architectural synthesis","Partially satisfied"
"ATYA-117","ATYA-117 — Establish fleet performance baselines and regression budgets","Atya.Roadmap","","","","","P2","5 — Messaging, data, web, and diagnostics hardening","Verification","Blocked","Requires authorized live verification","High","Medium","L","ATYA-030;ATYA-068","","ATYA-001;ATYA-002;ATYA-003","github/issues/ATYA-117-establish-fleet-performance-baselines-and-regression-budgets.md","Cross-review omission and final architectural synthesis","No audit-driven completion claim"
"ATYA-118","ATYA-118 — Define the generated-project update lifecycle and atya update contract","Atya.Roadmap","","","","","P2","6 — Migration, documentation, templates, and adoption","ADR","Blocked","Requires authorized live verification","High","Medium","M","ATYA-079;ATYA-082;ATYA-115","","ATYA-001;ATYA-002;ATYA-003","github/issues/ATYA-118-define-the-generated-project-update-lifecycle-and-atya-update-contract.md","Cross-review omission and final architectural synthesis","No audit-driven completion claim"
"ATYA-119","ATYA-119 — Define and adversarially test the golden template security baseline","Atya.Roadmap","","","","","P1","6 — Migration, documentation, templates, and adoption","Implementation","Blocked","Private maintainer evidence; public summary only","High","High","L","ATYA-014;ATYA-015;ATYA-023;ATYA-075;ATYA-112","","ATYA-001;ATYA-002;ATYA-003","github/issues/ATYA-119-define-and-adversarially-test-the-golden-template-security-baseline.md","Private organization audit and approved roadmap","No audit-driven completion claim"
"ATYA-120","ATYA-120 — Govern readiness classifications and adoption claims","Atya.Roadmap","","","","","P1","6 — Migration, documentation, templates, and adoption","Implementation","Blocked","Requires authorized live verification","High","High","M","ATYA-001;ATYA-075;ATYA-116;ATYA-119","","ATYA-001;ATYA-002;ATYA-003","github/issues/ATYA-120-govern-readiness-classifications-and-adoption-claims.md","Cross-review omission and final architectural synthesis","No audit-driven completion claim"
"ATYA-121","ATYA-121 — Ratify Build.Sdk publisher routing and release-recovery policy","Atya.Roadmap","","","","","P0","2 — Security, compatibility, and release blockers","ADR","Blocked","Private maintainer evidence; public summary only","High","Critical","M","ATYA-016;ATYA-020;ATYA-036","","ATYA-031;ATYA-018;ATYA-024","github/issues/ATYA-121-ratify-build-sdk-publisher-routing-and-exception-policy.md","Private organization audit and approved roadmap","No audit-driven completion claim"
"ATYA-122","ATYA-122 — Decide the public idempotency completion-policy default","Idempotency","","","","","P1","5 — Messaging, data, web, and diagnostics hardening","ADR","Blocked","Strongly supported (Fable F-0026 identifies the public default as behaviorally breaking)","High","High","M","ATYA-002;ATYA-008","","ATYA-057;ATYA-058;ATYA-061","github/issues/ATYA-122-decide-the-public-idempotency-completion-policy-default.md","Split from Fable F-0026 and Claude consolidated ECO-057","No audit-driven completion claim"
"ATYA-123","ATYA-123 — Implement the admitted EF Core outbox adapter behind provider conformance tests","Messaging.Outbox","","","","","P2","6 — Migration, documentation, templates, and adoption","Implementation","Blocked","Strongly supported after ATYA-084 admission; implementation is conditional on the accepted ADR","High","Medium","L","ATYA-084;ATYA-013","","ATYA-058;ATYA-061;ATYA-087","github/issues/ATYA-123-implement-the-admitted-ef-core-outbox-adapter.md","Implementation split from SOL S-0068 and consolidated ECO-067/ECO-084","No audit-driven completion claim"
"ATYA-124","ATYA-124 — Correct and fixture-test platform drift SHA validation","platform","","","","","P1","2 — Security, compatibility, and release blockers","Implementation","Blocked","Private maintainer evidence; public summary only","High","High","M","ATYA-019","","ATYA-026;ATYA-028;ATYA-039","github/issues/ATYA-124-correct-and-fixture-test-platform-drift-sha-validation.md","Private organization audit and approved roadmap","No audit-driven completion claim"
"ATYA-125","ATYA-125 — Enable and govern private vulnerability reporting","Atya.Roadmap","","","","","P1","2 — Security, compatibility, and release blockers","Implementation","Blocked","Private maintainer evidence; public summary only","High","High","M","ATYA-112","ATYA-026","ATYA-026;ATYA-097;ATYA-107;ATYA-109","github/issues/ATYA-125-enable-and-govern-private-vulnerability-reporting.md","Private organization audit and approved roadmap","No audit-driven completion claim"
"ATYA-126","ATYA-126 — Remediate the public site's vulnerable Vite toolchain","AtyaLibraries.github.io","","","","","P0","2 — Security, compatibility, and release blockers","Implementation","Ready","Private maintainer evidence; public summary only","High","Critical","M","","","ATYA-040;ATYA-041;ATYA-097;ATYA-105;ATYA-107","github/issues/ATYA-126-remediate-the-public-site-s-vulnerable-vite-toolchain.md","Private organization audit and approved roadmap","No audit-driven completion claim"
"ATYA-127","ATYA-127 — Migrate and verify BackgroundServices release dispatch","BackgroundServices","","","","","P1","3 — Build, workflow, and release consolidation","Migration","Blocked","Private maintainer evidence; public summary only","High","High","S","ATYA-018;ATYA-024","","ATYA-016;ATYA-024;ATYA-105;ATYA-109","github/issues/ATYA-127-migrate-and-verify-backgroundservices-release-dispatch.md","Private organization audit and approved roadmap","Implemented but unverified"
"ATYA-128","ATYA-128 — Migrate and verify Idempotency release dispatch","Idempotency","","","","","P1","3 — Build, workflow, and release consolidation","Migration","Blocked","Private maintainer evidence; public summary only","High","High","S","ATYA-018;ATYA-024","","ATYA-016;ATYA-024;ATYA-105;ATYA-109","github/issues/ATYA-128-migrate-and-verify-idempotency-release-dispatch.md","Private organization audit and approved roadmap","Implemented but unverified"
"ATYA-129","ATYA-129 — Migrate and verify Messaging.Outbox release dispatch","Messaging.Outbox","","","","","P1","3 — Build, workflow, and release consolidation","Migration","Blocked","Private maintainer evidence; public summary only","High","High","S","ATYA-018;ATYA-024","","ATYA-016;ATYA-024;ATYA-105;ATYA-109","github/issues/ATYA-129-migrate-and-verify-messaging-outbox-release-dispatch.md","Private organization audit and approved roadmap","Implemented but unverified"
"ATYA-130","ATYA-130 — Migrate and verify Pagination release dispatch","Pagination","","","","","P1","3 — Build, workflow, and release consolidation","Migration","Blocked","Private maintainer evidence; public summary only","High","High","S","ATYA-018;ATYA-024","","ATYA-016;ATYA-024;ATYA-105;ATYA-109","github/issues/ATYA-130-migrate-and-verify-pagination-release-dispatch.md","Private organization audit and approved roadmap","Implemented but unverified"
"ATYA-131","ATYA-131 — Recover Serialization v1.0.1 release lineage","Serialization","","","","","P0","2 — Security, compatibility, and release blockers","Migration","Blocked","Private maintainer evidence; public summary only","High","Critical","M","ATYA-003;ATYA-018;ATYA-020","","ATYA-096;ATYA-106;ATYA-109","github/issues/ATYA-131-recover-serialization-v1-0-1-release-lineage.md","Private organization audit and approved roadmap","No audit-driven completion claim"
